{
  "best_metric": null,
  "best_model_checkpoint": null,
  "epoch": 0.6666666666666666,
  "global_step": 2000,
  "is_hyper_param_search": false,
  "is_local_process_zero": true,
  "is_world_process_zero": true,
  "log_history": [
    {
      "epoch": 0.17,
      "learning_rate": 4.1736227045075125e-05,
      "loss": 3.1363,
      "step": 500
    },
    {
      "epoch": 0.33,
      "learning_rate": 3.33889816360601e-05,
      "loss": 2.9502,
      "step": 1000
    },
    {
      "epoch": 0.5,
      "learning_rate": 2.5041736227045077e-05,
      "loss": 2.8791,
      "step": 1500
    },
    {
      "epoch": 0.67,
      "learning_rate": 1.669449081803005e-05,
      "loss": 2.7587,
      "step": 2000
    }
  ],
  "max_steps": 3000,
  "num_train_epochs": 1,
  "total_flos": 544501974528000.0,
  "trial_name": null,
  "trial_params": null
}
